PRAGMA foreign_keys=OFF;
BEGIN TRANSACTION;
CREATE TABLE Players (name TEXT, tabletop_id TEXT PRIMARY KEY ON CONFLICT REPLACE);
INSERT INTO Players VALUES('Eledan','eledan');
INSERT INTO Players VALUES('Gobos','gobos2');
INSERT INTO Players VALUES('Oldwin','oldwin');
INSERT INTO Players VALUES('Lukasz Jarochowski','lukasz-jarochowski');
INSERT INTO Players VALUES('Nieumarły Pla(nk)ton','nieumary-plankton');
INSERT INTO Players VALUES('Maciej Bogusławski','maciej-bogusawski');
INSERT INTO Players VALUES('Daria Ostrowska','daria-ostrowska');
INSERT INTO Players VALUES('Artur','artur3');
INSERT INTO Players VALUES('mateo','mateo');
INSERT INTO Players VALUES('Rafał Świerkot','rafa-swierkot');
INSERT INTO Players VALUES('Blady ','blady5');
INSERT INTO Players VALUES('Bartłomiej ','bartomiej');
INSERT INTO Players VALUES('Paweł Pawluczuk','pawe-pawluczuk');
INSERT INTO Players VALUES('Grzegorz Czapski','grzegorz-czapski');
INSERT INTO Players VALUES('bye','bye46');
INSERT INTO Players VALUES('Przemek Szymusik','przemek-szymusik');
INSERT INTO Players VALUES('Rafał Kosiorel','rafa-kosiorel');
INSERT INTO Players VALUES('Dany','dany');
INSERT INTO Players VALUES('Bro Bru','bro-bru');
INSERT INTO Players VALUES('Never','never2');
INSERT INTO Players VALUES('P.','p18');
INSERT INTO Players VALUES('Nenuphar','nenuphar2');
INSERT INTO Players VALUES('Serenitka','serenitka');
INSERT INTO Players VALUES('ddr','ddr');
INSERT INTO Players VALUES('Shizunk','shizunk');
INSERT INTO Players VALUES('Łukasz "Oyabin" Majewski','ukasz-oyabin-majewski');
INSERT INTO Players VALUES('BoczeK','boczek');
INSERT INTO Players VALUES('Teo TomRider','teo-tomrider');
INSERT INTO Players VALUES('Damian "Fakapu" Fiedoruk','damian-fakapu-fiedoruk');
INSERT INTO Players VALUES('Artur Stasieńko','artur-stasienko');
INSERT INTO Players VALUES('Rafał Pancer Kosiorek','rafa-pancer-kosiorek');
INSERT INTO Players VALUES('Kacper Rasiński','kacper-rasinski');
INSERT INTO Players VALUES('Bart','bart3');
INSERT INTO Players VALUES('Sebastian Torki Rutkowski','sebastian-torki-rutkowski');
INSERT INTO Players VALUES('Stanisław "Lajon" Urbaniak','stanisaw-lajon-urbaniak');
INSERT INTO Players VALUES('Twister','twister');
INSERT INTO Players VALUES('Jarosław "Kerangar" Popielak','jarosaw-kerangar-popielak');
INSERT INTO Players VALUES('Patryk ''Artemis'' Wolski','patryk-artemis-wolski');
INSERT INTO Players VALUES('Roman Warecki','roman-warecki');
INSERT INTO Players VALUES('Arkadiusz Szyndler','arkadiusz-szyndler');
INSERT INTO Players VALUES('Jakub Ciesluk','jakub-ciesluk');
INSERT INTO Players VALUES('Paulina "Viluir" Popielak','paulina-viluir-popielak');
INSERT INTO Players VALUES('Pinka','pinka');
INSERT INTO Players VALUES('BYE','bye9');
INSERT INTO Players VALUES('Robson Teoretyk','robson-teoretyk');
INSERT INTO Players VALUES('Mruku','mruku');
INSERT INTO Players VALUES('Szeperd','szeperd');
INSERT INTO Players VALUES('scoutmaster','scoutmaster');
INSERT INTO Players VALUES('Kazan','kazan2');
INSERT INTO Players VALUES('Murmandamus','murmandamus');
INSERT INTO Players VALUES('Seba','seba');
INSERT INTO Players VALUES('Never','never');
INSERT INTO Players VALUES('Michał ''Yergin'' Bartczak','micha-yergin-bartczak');
INSERT INTO Players VALUES('Konrad ''Blaidwyn'' Motyliński','konrad-blaidwyn-motylinski');
INSERT INTO Players VALUES('Rafal ''Troll''','rafal-troll');
INSERT INTO Players VALUES('Czart','czart');
INSERT INTO Players VALUES('Adam "Athard" Cychner','adam-athard-cychner');
INSERT INTO Players VALUES('Kamil Wichan','kamil-wichan');
INSERT INTO Players VALUES('Bartosz Amanowicz','bartosz-amanowicz');
INSERT INTO Players VALUES('Matheo','matheo');
INSERT INTO Players VALUES('Yaro','yaro');
INSERT INTO Players VALUES('Rafał"StrongestAvenger" Świerkot','rafastrongestavenger-swierkot');
INSERT INTO Players VALUES('BartoszWaw','bartoszwaw');
INSERT INTO Players VALUES('Artur Szyndler Senior','artur-szyndler-senior2');
INSERT INTO Players VALUES('Grzegorz "Kudłaty" Stefanek','grzegorz-kudaty-stefanek');
INSERT INTO Players VALUES('Kacper "Alien" Szczytowski','kacper-alien-szczytowski');
INSERT INTO Players VALUES('Maciej"UFO" Szczytowski','maciejufo-szczytowski');
INSERT INTO Players VALUES('Berdysz','berdysz');
INSERT INTO Players VALUES('Makras','makras');
INSERT INTO Players VALUES('GoBoss','goboss');
INSERT INTO Players VALUES('MiSiO','misio');
INSERT INTO Players VALUES('Grzegorz Gregx','grzegorz-gregx');
INSERT INTO Players VALUES('Myter','myter');
INSERT INTO Players VALUES('Lires','lires');
CREATE TABLE Events (id INTEGER PRIMARY KEY AUTOINCREMENT, name TEXT NOT NULL, city TEXT, series TEXT REFERENCES Series (name), tabletop_url TEXT UNIQUE ON CONFLICT FAIL, location TEXT, format INTEGER, date DATE, website TEXT);
INSERT INTO Events VALUES(1,'Inauguracyjny turniej polskiej ligii Kings of War, sezon 2022','Katowice','Liga 2022','https://tabletop.to/inauguracyjny-turniej-polskiej-ligii-kings-of-war-sezon-2022','Inny Wymiar, Katowice, ul. Bożogrobców 20',1995,'2022-01-22','https://www.facebook.com/events/617366889679424');
INSERT INTO Events VALUES(2,'II turniej Ligii King of War - Kraków','Kraków','Liga 2022','https://tabletop.to/ii-turniej-ligii-kings-of-war-2022-krakow','MDK Grunwaldzka, ul. Grunwaldzka 5 Kraków',1880,'2022-02-26','https://www.facebook.com/events/3008196419443442');
INSERT INTO Events VALUES(3,'Krawaty 13','Warszawa','Krawaty','https://tabletop.to/krawaty-13','Klub Adeptus Mechanicus al. Krakowska 114, Warszawa',1995,'2022-01-19','https://forum.kingsofwar.pl/showthread.php?tid=72');
INSERT INTO Events VALUES(4,'Krawaty 15','Warszawa','Krawaty','https://tabletop.to/krawaty-15','Klub Adeptus Mechanicus al. Krakowska 114, Warszawa',1995,'2022-03-05','https://forum.kingsofwar.pl/showthread.php?tid=78');
INSERT INTO Events VALUES(5,'Krawaty 14','Warszawa','Krawaty','https://tabletop.to/krawaty-14','Klub Adeptus Mechanicus al. Krakowska 114, Warszawa',1880,'2022-02-14','https://forum.kingsofwar.pl/showthread.php?tid=77');
INSERT INTO Events VALUES(6,'Gigantyczny problem z Zielonymi','Wrocław',NULL,NULL,'Bolter, Podwale 6, 50-043 Wrocław',2300,'2022-02-27','https://www.facebook.com/events/360306015602256');
INSERT INTO Events VALUES(7,'4 Turniej Mistrzostw Polski Kings of War 2021-BIAŁOSTOCKI DEBIUT','Białystok','Liga 2021','https://tabletop.to/4-turniej-mistrzostw-polski-kings-of-war-2021biaostocki-debiut','Klub Grota, Jana Henryka Dąbrowskiego 20, Białystok ',2300,'2021-09-18',NULL);
INSERT INTO Events VALUES(8,'II turniej cyklu MISTRZOSTW POLSKI Kings of War, 2021','Katowice','Liga 2021','https://tabletop.to/ii-turniej-cyklu-mistrzostw-polski-kings-of-war-2021','Inny Wymiar, Katowice, ul. Bożogrobców 20',2300,'2021-02-27',NULL);
INSERT INTO Events VALUES(9,'Pierwszy turniej ligi 2021 Warszawa','Warszawa','Liga 2021','https://tabletop.to/1-turniej-ligi-kings-of-war-2021-warszawa','Klub Adeptus Mechanicus al. Krakowska 114, Warszawa',2100,'2021-01-24',NULL);
INSERT INTO Events VALUES(10,'III Turniej Ligi Kings of War 2021','Warszawa','Liga 2021','https://tabletop.to/iii-turniej-ligi-kings-of-war-polska-2021','Klub Adeptus Mechanicus al. Krakowska 114, Warszawa',1900,'2021-04-18',NULL);
INSERT INTO Events VALUES(11,replace('III turniej Ligii King''s of War - Iława\n','\n',char(10)),'Iława','Liga 2022','https://tabletop.to/iii-turniej-ligii-kings-of-war-2022-iawa',replace('Galeria Jeziorak, Królowej Jadwigi 6, 14-202 Iława\n','\n',char(10)),2100,'2022-03-19','https://www.facebook.com/events/1784968688374307');
INSERT INTO Events VALUES(12,'FINAŁ cyklu MISTRZOSTW POLSKI Kings of War, 2020','Katowice','MP 2020','https://tabletop.to/fina-cyklu-mistrzostw-polski-kings-of-war-2020','',NULL,'2020-11-21',NULL);
INSERT INTO Events VALUES(13,'Echa Primovantoru II : Radom Kings of War : II Turniej Mistrzostw Polski','Radom','MP 2020','https://tabletop.to/echa-primovantoru-ii-radom-kings-of-war','',NULL,'2020-07-05',NULL);
INSERT INTO Events VALUES(14,'[MP][26.01] Pierwszy turniej mistrzostw Polski 2020! Warszawa','Warszawa','MP 2020','https://tabletop.to/mp2601-pierwszy-turniej-mistrzostw-polski-2020-warszawa','',NULL,'2020-01-26',NULL);
INSERT INTO Events VALUES(15,'5 Turniej CYKLU MP 2020 KINGS of WAR. Turniej w Krakowie','Kraków','MP 2020','https://tabletop.to/5-turniej-cyklu-mp-2020-kings-of-war-turniej-w-krakowie','',NULL,'2020-10-03',NULL);
INSERT INTO Events VALUES(16,'Oblężenie stolicy. IV turniej Mistrzostw Polski w Kings of War','Warszawa','MP 2019','https://tabletop.to/oblezenie-stolicy-19','',NULL,'2019-05-18',NULL);
INSERT INTO Events VALUES(17,'3 Turniej CYKLU MP 2019 KINGS of WAR. Turniej w Krakowie','Kraków','MP 2019','https://tabletop.to/3-turniej-cyklu-mp-2019-kings-of-war-turniej-w-krakowie','',NULL,'2019-03-30',NULL);
INSERT INTO Events VALUES(18,'Kings of Warsaw luty 2019','Warszawa','MP 2019','https://tabletop.to/kings-od-warsaw-luty-2019','',NULL,'2019-02-24',NULL);
INSERT INTO Events VALUES(19,'8. finałowy turniej cyklu Mistrzostw Polski 2018, Kings of War (Silesian King of War vol. 7)','Katowice','MP 2018','https://tabletop.to/8-finaowy-turniej-cyklu-mistrzostw-polski-2018-kings-of-war-silesian-king-of-war-vol-7','',NULL,'2018-12-08',NULL);
INSERT INTO Events VALUES(21,'6 TURNIEJ CYKLU MISTRZOSTW POLSKI 2018, KINGS OF WAR, w KRAKOWIE','Kraków','MP 2018','https://tabletop.to/6-turniej-cyklu-mistrzostw-polski-2018-kings-of-war-w-krakowie','',NULL,'2018-10-13',NULL);
INSERT INTO Events VALUES(22,'5 turniej cyklu Mistrzostw Polski 2018, Kings of War (Silesian King of War vol. 6)','Katowice','MP 2018','https://tabletop.to/5-turniej-cyklu-mistrzostw-polski-2018-kings-of-war-silesian-king-of-war-vol-6','',NULL,'2018-06-16',NULL);
INSERT INTO Events VALUES(23,'Mistrzostwa Polski 2018 "Kings of Warsaw"','Warszawa','MP 2018','https://tabletop.to/mistrzostwa-polski-2018-kings-of-warsaw','',NULL,'2018-04-22',NULL);
INSERT INTO Events VALUES(24,'V turniej Mistrzostw Polski Kings of War','Łódź','MP 2019','https://tabletop.to/v-turniej-mistrzostw-polski-kings-of-war','',NULL,'2019-06-15',NULL);
INSERT INTO Events VALUES(25,'MISTRZOSTWA POLSKI KINGS OF WAR 7. TURNIEJ - ŁÓDŹ','Łódź','MP 2018','https://tabletop.to/mistrzostwa-polski-kings-of-war-7-turniej-odz','',NULL,'2018-11-17',NULL);
INSERT INTO Events VALUES(26,'VIII turniej cyklu Mistrzostw Polski 2019 w Kings of War','Katowice','MP 2019','https://tabletop.to/iix-turniej-cyklu-mistrzostw-polski-2019-w-kings-of-war','',NULL,'2019-11-24',NULL);
INSERT INTO Events VALUES(27,'7 Turniej CYKLU MP 2019 KINGS of WAR','Kraków','MP 2019','https://tabletop.to/7-turniej-cyklu-mp-2019-kings-of-war','',NULL,'2019-10-26',NULL);
INSERT INTO Events VALUES(28,'VI TURNIEJ MISTRZOSTW POLSKI "KINGS OF WARSAW -WRZESIEŃ"','Warszawa','MP 2019','https://tabletop.to/vi-turniej-mistrzostw-polski-kings-of-warsaw-wrzesien','',NULL,'2019-09-28',NULL);
INSERT INTO Events VALUES(29,'Mistrzostwa Polski 2019, Katowice - turniej inauguracyjny','Katowice','MP 2019','https://tabletop.to/mistrzostwa-polski-2019-katowice-turniej-inauguracyjny','',NULL,'2019-01-26',NULL);
INSERT INTO Events VALUES(30,'Mistrzostwa Polski 2018, Katowice - turniej inauguracyjny','Katowice','MP 2018','https://tabletop.to/mistrzostwa-polski-2018-katowice-turniej-inauguracyjny','',NULL,'2018-02-03',NULL);
INSERT INTO Events VALUES(31,'Mistrzostwa Polski 2018, Kraków - II turniej cyklu','Kraków','MP 2018','https://tabletop.to/mp-kow-2018-turniej-w-krakowie','',NULL,'2018-03-17',NULL);
INSERT INTO Events VALUES(32,'Mistrzostwa Polski Kings of War 4. turniej - Łódź','Łódź','MP 2018','https://tabletop.to/mistrzostwa-polski-kings-of-war-4-turniej-odz','',NULL,'2018-05-26',NULL);
INSERT INTO Events VALUES(33,'4 turniej MP Kings of War Warszawa','Warszawa','MP 2020','https://tabletop.to/4-turniej-mp-kings-of-war-warszawa','Poland/Mazowieckie/Warszawa',NULL,'2020-08-15',NULL);
INSERT INTO Events VALUES(34,'[MP][29.02] II turniej mistrzostw Polski 2020! Katowice','Katowice','MP 2020','https://www.tabletop.to/mp2902-ii-turniej-mistrzostw-polski-2020-katowice','Poland/Slaskie/Inny Wymiar w Katowicach',NULL,'2020-02-29',NULL);
CREATE TABLE Factions (faction TEXT PRIMARY KEY UNIQUE NOT NULL, third_edition BOOLEAN, second_edition BOOLEAN) WITHOUT ROWID;
INSERT INTO Factions VALUES('Abyssal Dwarfs',1,1);
INSERT INTO Factions VALUES('Basilea',1,1);
INSERT INTO Factions VALUES('Brotherhood',0,1);
INSERT INTO Factions VALUES('Dwarfs',1,1);
INSERT INTO Factions VALUES('Elves',1,1);
INSERT INTO Factions VALUES('Empire of Dust',1,1);
INSERT INTO Factions VALUES('Forces of Nature',1,1);
INSERT INTO Factions VALUES('Forces of the Abyss',1,1);
INSERT INTO Factions VALUES('Free Dwarfs',1,0);
INSERT INTO Factions VALUES('Goblins',1,1);
INSERT INTO Factions VALUES('Halflings',1,0);
INSERT INTO Factions VALUES('Herd','TRUE',NULL);
INSERT INTO Factions VALUES('Kingdoms of Men',1,1);
INSERT INTO Factions VALUES('League of Rhordia',1,1);
INSERT INTO Factions VALUES('Night-stalkers',1,1);
INSERT INTO Factions VALUES('Northern Alliance',1,0);
INSERT INTO Factions VALUES('Ogres',1,1);
INSERT INTO Factions VALUES('Orcs',1,1);
INSERT INTO Factions VALUES('Order of the Brothermark',1,0);
INSERT INTO Factions VALUES('Order of the Green Lady',1,0);
INSERT INTO Factions VALUES('Ratkin',1,1);
INSERT INTO Factions VALUES('Ratkin Slaves',1,0);
INSERT INTO Factions VALUES('Riftforged Orcs',1,0);
INSERT INTO Factions VALUES('Salamanders',1,1);
INSERT INTO Factions VALUES('Sylvan Kin',1,0);
INSERT INTO Factions VALUES('Trident Realm of Neritica',1,1);
INSERT INTO Factions VALUES('Twilight Kin',1,1);
INSERT INTO Factions VALUES('Undead',1,1);
INSERT INTO Factions VALUES('Varangur',1,1);
CREATE TABLE Results (player TEXT REFERENCES Players (tabletop_id), event INTEGER REFERENCES Events (id) ON DELETE CASCADE, faction TEXT REFERENCES Factions (faction) ON UPDATE CASCADE, tp INTEGER, bonus_tp INTEGER, attrition_points INTEGER, UNIQUE (player, event) ON CONFLICT REPLACE);
INSERT INTO Results VALUES('misio',1,'Trident Realm of Neritica',48,5,4790);
INSERT INTO Results VALUES('ddr',1,'Night-stalkers',53,0,4030);
INSERT INTO Results VALUES('lires',1,'Goblins',39,5,4510);
INSERT INTO Results VALUES('bart3',1,'Forces of the Abyss',37,5,3725);
INSERT INTO Results VALUES('nieumary-plankton',1,'Undead',38,0,3800);
INSERT INTO Results VALUES('stanisaw-lajon-urbaniak',1,'Herd',37,0,3550);
INSERT INTO Results VALUES('adam-athard-cychner',1,'Elves',31,5,3320);
INSERT INTO Results VALUES('teo-tomrider',1,'Basilea',28,5,3455);
INSERT INTO Results VALUES('myter',1,'Night-stalkers',24,5,3205);
INSERT INTO Results VALUES('oldwin',1,'Forces of the Abyss',21,5,3505);
INSERT INTO Results VALUES('eledan',1,'Basilea',21,5,2525);
INSERT INTO Results VALUES('rafal-troll',1,'Dwarfs',19,5,3480);
INSERT INTO Results VALUES('grzegorz-gregx',1,'Dwarfs',19,5,2115);
INSERT INTO Results VALUES('gobos2',1,'Undead',5,0,1565);
INSERT INTO Results VALUES('makras',2,'Ogres',48,5,4515);
INSERT INTO Results VALUES('ddr',2,'Night-stalkers',48,5,3125);
INSERT INTO Results VALUES('lires',2,'Goblins',44,5,4580);
INSERT INTO Results VALUES('adam-athard-cychner',2,'Elves',43,5,3970);
INSERT INTO Results VALUES('bart3',2,'Forces of the Abyss',41,5,4950);
INSERT INTO Results VALUES('misio',2,'Trident Realm of Neritica',38,5,4690);
INSERT INTO Results VALUES('nieumary-plankton',2,'Undead',38,5,3845);
INSERT INTO Results VALUES('stanisaw-lajon-urbaniak',2,'Empire of Dust',38,5,3645);
INSERT INTO Results VALUES('bartoszwaw',2,'Kingdoms of Men',31,5,3095);
INSERT INTO Results VALUES('eledan',2,'Basilea',30,5,3520);
INSERT INTO Results VALUES('gobos2',2,'Northern Alliance',32,0,2565);
INSERT INTO Results VALUES('kacper-alien-szczytowski',2,'Undead',25,5,3050);
INSERT INTO Results VALUES('lukasz-jarochowski',2,'Undead',25,5,2450);
INSERT INTO Results VALUES('rafal-troll',2,'Dwarfs',22,5,2980);
INSERT INTO Results VALUES('maciejufo-szczytowski',2,'Abyssal Dwarfs',20,5,3010);
INSERT INTO Results VALUES('grzegorz-gregx',2,'Free Dwarfs',20,5,2835);
INSERT INTO Results VALUES('teo-tomrider',2,'Basilea',19,5,3450);
INSERT INTO Results VALUES('seba',2,'Varangur',17,5,2470);
INSERT INTO Results VALUES('berdysz',2,'Kingdoms of Men',15,5,2385);
INSERT INTO Results VALUES('oldwin',2,'Abyssal Dwarfs',6,5,2210);
INSERT INTO Results VALUES('makras',9,'Ogres',48,5,4620);
INSERT INTO Results VALUES('misio',9,'Trident Realm of Neritica',44,5,3490);
INSERT INTO Results VALUES('pawe-pawluczuk',9,'Forces of the Abyss',42,5,5590);
INSERT INTO Results VALUES('kazan2',9,'Undead',37,5,4545);
INSERT INTO Results VALUES('ddr',9,'Night-stalkers',36,5,3480);
INSERT INTO Results VALUES('bartoszwaw',9,'League of Rhordia',34,5,2980);
INSERT INTO Results VALUES('adam-athard-cychner',9,'Elves',30,5,3065);
INSERT INTO Results VALUES('lires',9,'Elves',26,5,4150);
INSERT INTO Results VALUES('stanisaw-lajon-urbaniak',9,'Empire of Dust',25,5,3415);
INSERT INTO Results VALUES('damian-fakapu-fiedoruk',9,'Empire of Dust',25,0,3360);
INSERT INTO Results VALUES('kamil-wichan',9,'Dwarfs',19,5,3070);
INSERT INTO Results VALUES('maciejufo-szczytowski',9,'Abyssal Dwarfs',22,0,2160);
INSERT INTO Results VALUES('kacper-rasinski',9,'Forces of the Abyss',23,-5,3470);
INSERT INTO Results VALUES('nieumary-plankton',9,'Undead',9,0,2675);
INSERT INTO Results VALUES('lires',10,'Goblins',49,0,4330);
INSERT INTO Results VALUES('kazan2',10,'Undead',39,0,4775);
INSERT INTO Results VALUES('kamil-wichan',10,'Dwarfs',37,0,4460);
INSERT INTO Results VALUES('makras',10,'Ogres',36,0,4130);
INSERT INTO Results VALUES('lukasz-jarochowski',10,'Undead',33,0,1910);
INSERT INTO Results VALUES('ddr',10,'Night-stalkers',25,0,3325);
INSERT INTO Results VALUES('stanisaw-lajon-urbaniak',10,'Empire of Dust',25,-5,2920);
INSERT INTO Results VALUES('kacper-alien-szczytowski',10,'Undead',24,-5,3760);
INSERT INTO Results VALUES('bartoszwaw',10,'Order of the Green Lady',17,0,2345);
INSERT INTO Results VALUES('maciejufo-szczytowski',10,'Abyssal Dwarfs',15,0,2765);
INSERT INTO Results VALUES('misio',8,'',47,5,4365);
INSERT INTO Results VALUES('makras',8,'',43,5,4185);
INSERT INTO Results VALUES('lires',8,'',36,5,4395);
INSERT INTO Results VALUES('ddr',8,'',33,5,4095);
INSERT INTO Results VALUES('rafal-troll',8,'',25,5,3795);
INSERT INTO Results VALUES('maciejufo-szczytowski',8,'',26,0,4765);
INSERT INTO Results VALUES('grzegorz-gregx',8,'',18,5,3770);
INSERT INTO Results VALUES('makras',7,'',50,0,5700);
INSERT INTO Results VALUES('lires',7,'',37,0,4790);
INSERT INTO Results VALUES('ddr',7,'',41,-5,5610);
INSERT INTO Results VALUES('bartoszwaw',7,'',35,0,4490);
INSERT INTO Results VALUES('lukasz-jarochowski',7,'',27,0,3280);
INSERT INTO Results VALUES('rafastrongestavenger-swierkot',7,'',31,-5,4335);
INSERT INTO Results VALUES('damian-fakapu-fiedoruk',7,'',26,0,3980);
INSERT INTO Results VALUES('kacper-alien-szczytowski',7,'',22,0,3815);
INSERT INTO Results VALUES('kacper-rasinski',7,'',21,-5,4175);
INSERT INTO Results VALUES('maciejufo-szczytowski',7,'',10,0,3079);
INSERT INTO Results VALUES('misio',12,'Trident Realm of Neritica',50,5,4340);
INSERT INTO Results VALUES('myter',12,'Night-stalkers',33,5,2305);
INSERT INTO Results VALUES('stanisaw-lajon-urbaniak',12,'Empire of Dust',37,0,3475);
INSERT INTO Results VALUES('ddr',12,'Night-stalkers',37,0,3410);
INSERT INTO Results VALUES('grzegorz-gregx',12,'Dwarfs',27,5,2825);
INSERT INTO Results VALUES('lires',12,'Elves',25,5,3500);
INSERT INTO Results VALUES('maciejufo-szczytowski',12,'Orcs',22,5,3160);
INSERT INTO Results VALUES('nieumary-plankton',12,'Undead',9,0,2225);
INSERT INTO Results VALUES('makras',13,'Ogres',54,5,3710);
INSERT INTO Results VALUES('czart',13,'Ogres',38,5,2755);
INSERT INTO Results VALUES('ddr',13,'Night-stalkers',41,0,3160);
INSERT INTO Results VALUES('artur-stasienko',13,'Undead',37,0,2765);
INSERT INTO Results VALUES('bartoszwaw',13,'Forces of Nature',31,5,1575);
INSERT INTO Results VALUES('maciej-bogusawski',13,'League of Rhordia',33,0,1866);
INSERT INTO Results VALUES('murmandamus',13,'Orcs',20,5,1545);
INSERT INTO Results VALUES('daria-ostrowska',13,'Forces of Nature',17,5,1210);
INSERT INTO Results VALUES('matheo',13,'Kingdoms of Men',13,5,1760);
INSERT INTO Results VALUES('maciejufo-szczytowski',13,'',16,0,1425);
INSERT INTO Results VALUES('artur3',14,'Undead',49,5,4295);
INSERT INTO Results VALUES('makras',14,'Ogres',48,5,3380);
INSERT INTO Results VALUES('ddr',14,'Night-stalkers',46,0,1435);
INSERT INTO Results VALUES('scoutmaster',14,'Northern Alliance',40,5,3580);
INSERT INTO Results VALUES('misio',14,'Trident Realm of Neritica',39,5,3635);
INSERT INTO Results VALUES('kacper-rasinski',14,'Forces of the Abyss',35,5,3420);
INSERT INTO Results VALUES('p18',14,'Ratkin',35,5,2530);
INSERT INTO Results VALUES('czart',14,'Ogres',38,0,3870);
INSERT INTO Results VALUES('lires',14,'Elves',33,5,3120);
INSERT INTO Results VALUES('bartoszwaw',14,'Forces of Nature',33,5,2535);
INSERT INTO Results VALUES('goboss',14,'Undead',36,0,2500);
INSERT INTO Results VALUES('bart3',14,'Forces of the Abyss',30,5,3460);
INSERT INTO Results VALUES('grzegorz-gregx',14,'Dwarfs',30,5,2595);
INSERT INTO Results VALUES('damian-fakapu-fiedoruk',14,'Empire of Dust',30,0,2030);
INSERT INTO Results VALUES('kazan2',14,'Undead',25,5,1975);
INSERT INTO Results VALUES('adam-athard-cychner',14,'Elves',24,5,1800);
INSERT INTO Results VALUES('myter',14,'Night-stalkers',23,5,2540);
INSERT INTO Results VALUES('pawe-pawluczuk',14,'Forces of the Abyss',22,5,2970);
INSERT INTO Results VALUES('mateo',14,'Kingdoms of Men',25,0,3290);
INSERT INTO Results VALUES('bro-bru',14,'Dwarfs',22,0,2180);
INSERT INTO Results VALUES('murmandamus',14,'Kingdoms of Men',17,5,1805);
INSERT INTO Results VALUES('rafa-swierkot',14,'Elves',18,0,1910);
INSERT INTO Results VALUES('stanisaw-lajon-urbaniak',14,'Empire of Dust',12,5,2110);
INSERT INTO Results VALUES('maciejufo-szczytowski',14,'Orcs',10,5,2220);
INSERT INTO Results VALUES('misio',15,'Trident Realm of Neritica',50,5,4560);
INSERT INTO Results VALUES('makras',15,'Ogres',49,5,4640);
INSERT INTO Results VALUES('myter',15,'Night-stalkers',36,5,3640);
INSERT INTO Results VALUES('maciejufo-szczytowski',15,'Orcs',34,5,3685);
INSERT INTO Results VALUES('lires',15,'Elves',32,5,4825);
INSERT INTO Results VALUES('ddr',15,'Night-stalkers',36,0,3550);
INSERT INTO Results VALUES('seba',15,'Ogres',21,5,3540);
INSERT INTO Results VALUES('grzegorz-gregx',15,'Dwarfs',21,5,3035);
INSERT INTO Results VALUES('adam-athard-cychner',15,'Elves',21,5,3025);
INSERT INTO Results VALUES('goboss',15,'Undead',25,0,3695);
INSERT INTO Results VALUES('yaro',15,'Northern Alliance',24,0,3660);
INSERT INTO Results VALUES('berdysz',15,'Ratkin',11,5,3270);
INSERT INTO Results VALUES('misio',16,'Trident Realm of Neritica',55,5,5110);
INSERT INTO Results VALUES('murmandamus',16,'Ogres',48,5,5175);
INSERT INTO Results VALUES('scoutmaster',16,'Dwarfs',48,5,4115);
INSERT INTO Results VALUES('ddr',16,'Forces of the Abyss',48,0,4310);
INSERT INTO Results VALUES('makras',16,'Ogres',40,5,4675);
INSERT INTO Results VALUES('p18',16,'Ratkin',32,5,2830);
INSERT INTO Results VALUES('bartoszwaw',16,'Orcs',29,5,3050);
INSERT INTO Results VALUES('adam-athard-cychner',16,'Elves',28,5,2340);
INSERT INTO Results VALUES('kazan2',16,'Elves',21,5,2615);
INSERT INTO Results VALUES('kamil-wichan',16,'Dwarfs',17,5,3035);
INSERT INTO Results VALUES('pawe-pawluczuk',16,'Forces of the Abyss',17,5,1380);
INSERT INTO Results VALUES('stanisaw-lajon-urbaniak',16,'Empire of Dust',21,0,2415);
INSERT INTO Results VALUES('maciejufo-szczytowski',16,'Orcs',11,5,1790);
INSERT INTO Results VALUES('misio',17,'Trident Realm of Neritica',58,5,5145);
INSERT INTO Results VALUES('stanisaw-lajon-urbaniak',17,'Empire of Dust',50,0,3235);
INSERT INTO Results VALUES('scoutmaster',17,'Dwarfs',38,5,3935);
INSERT INTO Results VALUES('kazan2',17,'Elves',37,5,3765);
INSERT INTO Results VALUES('makras',17,'Ogres',37,5,3725);
INSERT INTO Results VALUES('kamil-wichan',17,'Dwarfs',28,5,2845);
INSERT INTO Results VALUES('adam-athard-cychner',17,'Elves',25,5,3040);
INSERT INTO Results VALUES('goboss',17,'Undead',22,5,2630);
INSERT INTO Results VALUES('rafal-troll',17,'Ogres',22,5,2390);
INSERT INTO Results VALUES('myter',17,'Night-stalkers',21,5,2635);
INSERT INTO Results VALUES('grzegorz-gregx',17,'Dwarfs',19,5,1820);
INSERT INTO Results VALUES('bartomiej',17,'Basilea',3,5,1120);
INSERT INTO Results VALUES('misio',18,'Trident Realm of Neritica',56,5,4410);
INSERT INTO Results VALUES('scoutmaster',18,'Dwarfs',53,5,3855);
INSERT INTO Results VALUES('ddr',18,'Forces of the Abyss',47,0,2625);
INSERT INTO Results VALUES('makras',18,'Ogres',40,5,3595);
INSERT INTO Results VALUES('grzegorz-gregx',18,'Dwarfs',39,5,3530);
INSERT INTO Results VALUES('adam-athard-cychner',18,'Elves',38,5,3110);
INSERT INTO Results VALUES('bart3',18,'Orcs',35,5,3250);
INSERT INTO Results VALUES('micha-yergin-bartczak',18,'Ratkin',39,0,3165);
INSERT INTO Results VALUES('kamil-wichan',18,'Dwarfs',34,5,2435);
INSERT INTO Results VALUES('stanisaw-lajon-urbaniak',18,'Empire of Dust',36,0,3000);
INSERT INTO Results VALUES('kacper-rasinski',18,'Forces of the Abyss',36,0,2535);
INSERT INTO Results VALUES('patryk-artemis-wolski',18,'Salamanders',33,0,2400);
INSERT INTO Results VALUES('goboss',18,'Undead',27,5,3075);
INSERT INTO Results VALUES('p18',18,'Ratkin',26,5,3220);
INSERT INTO Results VALUES('kazan2',18,'Elves',25,5,3280);
INSERT INTO Results VALUES('bartoszwaw',18,'Orcs',24,5,3005);
INSERT INTO Results VALUES('pawe-pawluczuk',18,'Forces of the Abyss',23,5,3200);
INSERT INTO Results VALUES('rafastrongestavenger-swierkot',18,'Elves',26,0,2370);
INSERT INTO Results VALUES('rafal-troll',18,'Ogres',19,5,2245);
INSERT INTO Results VALUES('seba',18,'Ogres',20,0,2665);
INSERT INTO Results VALUES('grzegorz-czapski',18,'Elves',16,0,2180);
INSERT INTO Results VALUES('konrad-blaidwyn-motylinski',18,'Elves',7,5,1915);
INSERT INTO Results VALUES('bro-bru',18,'Dwarfs',11,0,2325);
INSERT INTO Results VALUES('rafa-pancer-kosiorek',18,'Dwarfs',10,0,2070);
INSERT INTO Results VALUES('misio',19,'Trident Realm of Neritica',9,0,4875);
INSERT INTO Results VALUES('ddr',19,'Forces of the Abyss',7,0,4795);
INSERT INTO Results VALUES('grzegorz-gregx',19,'Dwarfs',7,0,4505);
INSERT INTO Results VALUES('kazan2',19,'Undead',7,0,4460);
INSERT INTO Results VALUES('murmandamus',19,'Goblins',7,0,4275);
INSERT INTO Results VALUES('maciejufo-szczytowski',19,'Orcs',7,0,3765);
INSERT INTO Results VALUES('seba',19,'Herd',7,0,3755);
INSERT INTO Results VALUES('kamil-wichan',19,'Dwarfs',5,0,3015);
INSERT INTO Results VALUES('matheo',19,'Kingdoms of Men',5,0,2695);
INSERT INTO Results VALUES('micha-yergin-bartczak',19,'Ratkin',5,0,1860);
INSERT INTO Results VALUES('stanisaw-lajon-urbaniak',19,'Empire of Dust',3,0,1620);
INSERT INTO Results VALUES('misio',21,'Trident Realm of Neritica',9,0,4400);
INSERT INTO Results VALUES('ddr',21,'Forces of the Abyss',9,0,1905);
INSERT INTO Results VALUES('kazan2',21,'Undead',7,0,4630);
INSERT INTO Results VALUES('grzegorz-gregx',21,'Dwarfs',7,0,4115);
INSERT INTO Results VALUES('kamil-wichan',21,'Dwarfs',6,0,3830);
INSERT INTO Results VALUES('mruku',21,'Kingdoms of Men',6,0,3735);
INSERT INTO Results VALUES('micha-yergin-bartczak',21,'Dwarfs',6,0,3210);
INSERT INTO Results VALUES('adam-athard-cychner',21,'Elves',5,0,4065);
INSERT INTO Results VALUES('murmandamus',21,'Orcs',5,0,3025);
INSERT INTO Results VALUES('seba',21,'Herd',5,0,2750);
INSERT INTO Results VALUES('goboss',21,'Undead',4,0,3030);
INSERT INTO Results VALUES('matheo',21,'Kingdoms of Men',3,0,1235);
INSERT INTO Results VALUES('misio',22,'Trident Realm of Neritica',9,0,5050);
INSERT INTO Results VALUES('kazan2',22,'Undead',7,0,5000);
INSERT INTO Results VALUES('adam-athard-cychner',22,'Elves',7,0,4640);
INSERT INTO Results VALUES('ddr',22,'Brotherhood',7,0,3701);
INSERT INTO Results VALUES('mruku',22,'Night-stalkers',7,0,3436);
INSERT INTO Results VALUES('scoutmaster',22,'Dwarfs',7,0,3355);
INSERT INTO Results VALUES('kamil-wichan',22,'Dwarfs',7,0,3175);
INSERT INTO Results VALUES('grzegorz-gregx',22,'Dwarfs',7,0,2590);
INSERT INTO Results VALUES('seba',22,'Herd',5,0,2315);
INSERT INTO Results VALUES('maciejufo-szczytowski',22,'Orcs',3,0,2185);
INSERT INTO Results VALUES('rafal-troll',22,'Ogres',3,0,1120);
INSERT INTO Results VALUES('misio',23,'Trident Realm of Neritica',9,0,4290);
INSERT INTO Results VALUES('scoutmaster',23,'Dwarfs',9,0,3610);
INSERT INTO Results VALUES('kamil-wichan',23,'Dwarfs',9,0,2535);
INSERT INTO Results VALUES('kazan2',23,'Undead',7,0,3370);
INSERT INTO Results VALUES('grzegorz-gregx',23,'Dwarfs',7,0,3015);
INSERT INTO Results VALUES('przemek-szymusik',23,'Forces of Nature',7,0,2920);
INSERT INTO Results VALUES('micha-yergin-bartczak',23,'Ratkin',7,0,2569);
INSERT INTO Results VALUES('maciejufo-szczytowski',23,'Orcs',7,0,1884);
INSERT INTO Results VALUES('mruku',23,'Kingdoms of Men',5,0,2810);
INSERT INTO Results VALUES('ddr',23,'Brotherhood',5,0,2545);
INSERT INTO Results VALUES('rafa-kosiorel',23,'Dwarfs',5,0,2025);
INSERT INTO Results VALUES('dany',23,'Twilight Kin',5,0,2025);
INSERT INTO Results VALUES('matheo',23,'Kingdoms of Men',5,0,1485);
INSERT INTO Results VALUES('bro-bru',23,'Dwarfs',3,0,2665);
INSERT INTO Results VALUES('murmandamus',23,'Varangur',3,0,1540);
INSERT INTO Results VALUES('scoutmaster',24,'Dwarfs',51,5,5315);
INSERT INTO Results VALUES('makras',24,'Ogres',42,5,5520);
INSERT INTO Results VALUES('kazan2',24,'Elves',42,5,5150);
INSERT INTO Results VALUES('misio',24,'Trident Realm of Neritica',37,5,3660);
INSERT INTO Results VALUES('bartoszwaw',24,'Orcs',36,5,4580);
INSERT INTO Results VALUES('murmandamus',24,'Forces of the Abyss',31,5,4130);
INSERT INTO Results VALUES('adam-athard-cychner',24,'Elves',25,5,3900);
INSERT INTO Results VALUES('ddr',24,'Forces of the Abyss',28,0,4880);
INSERT INTO Results VALUES('maciejufo-szczytowski',24,'Orcs',21,5,2870);
INSERT INTO Results VALUES('stanisaw-lajon-urbaniak',24,'Empire of Dust',22,0,2925);
INSERT INTO Results VALUES('kamil-wichan',24,'Dwarfs',15,5,2660);
INSERT INTO Results VALUES('teo-tomrider',24,'Basilea',10,5,2955);
INSERT INTO Results VALUES('misio',25,'Trident Realm of Neritica',9,0,4185);
INSERT INTO Results VALUES('grzegorz-gregx',25,'Dwarfs',7,0,3410);
INSERT INTO Results VALUES('never2',25,'Undead',7,0,2975);
INSERT INTO Results VALUES('bartoszwaw',25,'Orcs',7,0,2865);
INSERT INTO Results VALUES('ddr',25,'Forces of the Abyss',7,0,2725);
INSERT INTO Results VALUES('p18',25,'Ratkin',7,0,2580);
INSERT INTO Results VALUES('matheo',25,'Kingdoms of Men',6,0,2520);
INSERT INTO Results VALUES('adam-athard-cychner',25,'Elves',5,0,2200);
INSERT INTO Results VALUES('maciejufo-szczytowski',25,'Orcs',5,0,2150);
INSERT INTO Results VALUES('kazan2',25,'Undead',4,0,1790);
INSERT INTO Results VALUES('seba',25,'Herd',4,0,1760);
INSERT INTO Results VALUES('kamil-wichan',25,'Dwarfs',4,0,1215);
INSERT INTO Results VALUES('makras',26,'Ogres',50,5,4400);
INSERT INTO Results VALUES('misio',26,'Trident Realm of Neritica',47,5,3280);
INSERT INTO Results VALUES('scoutmaster',26,'Dwarfs',44,5,3090);
INSERT INTO Results VALUES('nenuphar2',26,'Undead',39,5,3475);
INSERT INTO Results VALUES('grzegorz-gregx',26,'Dwarfs',37,5,3050);
INSERT INTO Results VALUES('shizunk',26,'Undead',36,5,2860);
INSERT INTO Results VALUES('rafal-troll',26,'Ogres',36,5,2235);
INSERT INTO Results VALUES('adam-athard-cychner',26,'Elves',36,5,1842);
INSERT INTO Results VALUES('serenitka',26,'Varangur',29,5,2560);
INSERT INTO Results VALUES('goboss',26,'',27,5,1785);
INSERT INTO Results VALUES('ukasz-oyabin-majewski',26,'Undead',25,5,2820);
INSERT INTO Results VALUES('kazan2',26,'Elves',21,5,2900);
INSERT INTO Results VALUES('kamil-wichan',26,'Dwarfs',19,5,1700);
INSERT INTO Results VALUES('matheo',26,'',18,5,1275);
INSERT INTO Results VALUES('maciejufo-szczytowski',26,'Orcs',12,5,1623);
INSERT INTO Results VALUES('stanisaw-lajon-urbaniak',26,'Empire of Dust',4,0,1085);
INSERT INTO Results VALUES('misio',27,'Trident Realm of Neritica',52,5,4365);
INSERT INTO Results VALUES('ddr',27,'Night-stalkers',55,0,5235);
INSERT INTO Results VALUES('scoutmaster',27,'Dwarfs',40,5,4265);
INSERT INTO Results VALUES('shizunk',27,'Undead',38,5,4390);
INSERT INTO Results VALUES('kazan2',27,'Elves',38,5,3930);
INSERT INTO Results VALUES('lires',27,'Elves',33,5,4435);
INSERT INTO Results VALUES('makras',27,'Ogres',33,5,4095);
INSERT INTO Results VALUES('bartoszwaw',27,'Ogres',29,5,3415);
INSERT INTO Results VALUES('murmandamus',27,'Empire of Dust',24,5,3815);
INSERT INTO Results VALUES('maciejufo-szczytowski',27,'Orcs',27,0,3125);
INSERT INTO Results VALUES('bart3',27,'Forces of the Abyss',26,0,3015);
INSERT INTO Results VALUES('rafal-troll',27,'Ogres',21,5,2370);
INSERT INTO Results VALUES('adam-athard-cychner',27,'Elves',21,5,2360);
INSERT INTO Results VALUES('stanisaw-lajon-urbaniak',27,'Empire of Dust',23,0,2915);
INSERT INTO Results VALUES('goboss',27,'Undead',15,0,1580);
INSERT INTO Results VALUES('ukasz-oyabin-majewski',27,'Undead',5,5,1290);
INSERT INTO Results VALUES('scoutmaster',28,'Dwarfs',54,5,4040);
INSERT INTO Results VALUES('maciejufo-szczytowski',28,'Orcs',51,5,3705);
INSERT INTO Results VALUES('adam-athard-cychner',28,'Elves',47,5,3045);
INSERT INTO Results VALUES('boczek',28,'Salamanders',43,5,4570);
INSERT INTO Results VALUES('misio',28,'Trident Realm of Neritica',38,5,2495);
INSERT INTO Results VALUES('grzegorz-gregx',28,'Dwarfs',36,5,3655);
INSERT INTO Results VALUES('kamil-wichan',28,'Dwarfs',35,5,2880);
INSERT INTO Results VALUES('teo-tomrider',28,'Basilea',33,5,3015);
INSERT INTO Results VALUES('makras',28,'Ogres',31,5,4030);
INSERT INTO Results VALUES('stanisaw-lajon-urbaniak',28,'Empire of Dust',34,0,3290);
INSERT INTO Results VALUES('murmandamus',28,'Varangur',29,5,2820);
INSERT INTO Results VALUES('damian-fakapu-fiedoruk',28,'Empire of Dust',32,0,3800);
INSERT INTO Results VALUES('kazan2',28,'Elves',27,5,3313);
INSERT INTO Results VALUES('artur-stasienko',28,'Empire of Dust',26,5,4050);
INSERT INTO Results VALUES('lires',28,'Elves',24,5,3440);
INSERT INTO Results VALUES('bart3',28,'Forces of the Abyss',28,0,2700);
INSERT INTO Results VALUES('rafa-pancer-kosiorek',28,'Dwarfs',18,5,2061);
INSERT INTO Results VALUES('matheo',28,'Kingdoms of Men',22,0,2430);
INSERT INTO Results VALUES('kacper-rasinski',28,'Forces of the Abyss',16,0,1835);
INSERT INTO Results VALUES('bartoszwaw',28,'Ogres',10,5,3085);
INSERT INTO Results VALUES('kacper-alien-szczytowski',28,'Kingdoms of Men',9,0,2595);
INSERT INTO Results VALUES('goboss',29,'Undead',52,5,4085);
INSERT INTO Results VALUES('misio',29,'Trident Realm of Neritica',50,5,2830);
INSERT INTO Results VALUES('makras',29,'Ogres',47,5,3680);
INSERT INTO Results VALUES('kazan2',29,'Elves',42,5,3275);
INSERT INTO Results VALUES('kamil-wichan',29,'Dwarfs',38,5,2625);
INSERT INTO Results VALUES('patryk-artemis-wolski',29,'Salamanders',35,0,2312);
INSERT INTO Results VALUES('seba',29,'Ogres',35,0,2311);
INSERT INTO Results VALUES('adam-athard-cychner',29,'Elves',25,5,2290);
INSERT INTO Results VALUES('bart3',29,'Orcs',29,0,1510);
INSERT INTO Results VALUES('scoutmaster',29,'Dwarfs',24,5,1800);
INSERT INTO Results VALUES('rafal-troll',29,'Ogres',23,5,2535);
INSERT INTO Results VALUES('grzegorz-gregx',29,'Dwarfs',23,5,2415);
INSERT INTO Results VALUES('maciejufo-szczytowski',29,'Orcs',19,5,2085);
INSERT INTO Results VALUES('sebastian-torki-rutkowski',29,'Goblins',18,5,1467);
INSERT INTO Results VALUES('stanisaw-lajon-urbaniak',29,'Empire of Dust',13,0,2010);
INSERT INTO Results VALUES('misio',30,'Abyssal Dwarfs',9,0,4500);
INSERT INTO Results VALUES('artur-szyndler-senior2',30,'Basilea',9,0,3330);
INSERT INTO Results VALUES('scoutmaster',30,'Dwarfs',8,0,2040);
INSERT INTO Results VALUES('twister',30,'Twilight Kin',7,0,3810);
INSERT INTO Results VALUES('kazan2',30,'Undead',7,0,3250);
INSERT INTO Results VALUES('micha-yergin-bartczak',30,'Ratkin',7,0,2430);
INSERT INTO Results VALUES('murmandamus',30,'Basilea',7,0,2165);
INSERT INTO Results VALUES('grzegorz-gregx',30,'Dwarfs',6,0,2555);
INSERT INTO Results VALUES('jarosaw-kerangar-popielak',30,'Ratkin',6,0,2405);
INSERT INTO Results VALUES('goboss',30,'Undead',6,0,1930);
INSERT INTO Results VALUES('seba',30,'Herd',5,0,3065);
INSERT INTO Results VALUES('patryk-artemis-wolski',30,'Abyssal Dwarfs',5,0,2500);
INSERT INTO Results VALUES('roman-warecki',30,'Orcs',5,0,2315);
INSERT INTO Results VALUES('arkadiusz-szyndler',30,'Trident Realm of Neritica',5,0,2270);
INSERT INTO Results VALUES('jakub-ciesluk',30,'Brotherhood',5,0,2090);
INSERT INTO Results VALUES('paulina-viluir-popielak',30,'Ratkin',5,0,2005);
INSERT INTO Results VALUES('pinka',30,'Salamanders',3,0,1410);
INSERT INTO Results VALUES('scoutmaster',31,'Dwarfs',9,0,5565);
INSERT INTO Results VALUES('artur-szyndler-senior2',31,'Basilea',9,0,2185);
INSERT INTO Results VALUES('kazan2',31,'Undead',7,0,4840);
INSERT INTO Results VALUES('kacper-alien-szczytowski',31,'Kingdoms of Men',7,0,4335);
INSERT INTO Results VALUES('adam-athard-cychner',31,'Elves',7,0,4290);
INSERT INTO Results VALUES('misio',31,'Trident Realm of Neritica',7,0,4215);
INSERT INTO Results VALUES('micha-yergin-bartczak',31,'Ratkin',7,0,3360);
INSERT INTO Results VALUES('grzegorz-gregx',31,'Dwarfs',7,0,1970);
INSERT INTO Results VALUES('robson-teoretyk',31,'Herd',6,0,2985);
INSERT INTO Results VALUES('mruku',31,'Kingdoms of Men',5,0,2975);
INSERT INTO Results VALUES('maciejufo-szczytowski',31,'Orcs',5,0,2835);
INSERT INTO Results VALUES('goboss',31,'Undead',5,0,2800);
INSERT INTO Results VALUES('seba',31,'Herd',5,0,2795);
INSERT INTO Results VALUES('kamil-wichan',31,'Dwarfs',4,0,3385);
INSERT INTO Results VALUES('szeperd',31,'Elves',3,0,3785);
INSERT INTO Results VALUES('artur-szyndler-senior2',32,'Trident Realm of Neritica',9,0,5000);
INSERT INTO Results VALUES('scoutmaster',32,'Dwarfs',9,0,3105);
INSERT INTO Results VALUES('misio',32,'Trident Realm of Neritica',7,0,5520);
INSERT INTO Results VALUES('grzegorz-gregx',32,'Dwarfs',7,0,4930);
INSERT INTO Results VALUES('kazan2',32,'Undead',7,0,4870);
INSERT INTO Results VALUES('murmandamus',32,'Brotherhood',7,0,1895);
INSERT INTO Results VALUES('adam-athard-cychner',32,'Elves',6,0,4230);
INSERT INTO Results VALUES('seba',32,'Herd',6,0,3080);
INSERT INTO Results VALUES('kamil-wichan',32,'Dwarfs',5,0,2660);
INSERT INTO Results VALUES('never',32,'Undead',5,0,2625);
INSERT INTO Results VALUES('micha-yergin-bartczak',32,'Ratkin',5,0,2275);
INSERT INTO Results VALUES('konrad-blaidwyn-motylinski',32,'Elves',5,0,2250);
INSERT INTO Results VALUES('rafal-troll',32,'Ogres',3,0,1915);
INSERT INTO Results VALUES('matheo',32,'Kingdoms of Men',3,0,1910);
INSERT INTO Results VALUES('czart',33,'',54,5,4015);
INSERT INTO Results VALUES('lires',33,'',49,5,3520);
INSERT INTO Results VALUES('adam-athard-cychner',33,'',39,5,2990);
INSERT INTO Results VALUES('kamil-wichan',33,'',35,5,2760);
INSERT INTO Results VALUES('bartosz-amanowicz',33,'',34,5,2190);
INSERT INTO Results VALUES('matheo',33,'',32,5,1810);
INSERT INTO Results VALUES('yaro',33,'',36,0,3085);
INSERT INTO Results VALUES('rafastrongestavenger-swierkot',33,'',31,0,1985);
INSERT INTO Results VALUES('bartoszwaw',33,'',24,5,2535);
INSERT INTO Results VALUES('artur-szyndler-senior2',33,'',28,0,3180);
INSERT INTO Results VALUES('grzegorz-kudaty-stefanek',33,'',22,5,2145);
INSERT INTO Results VALUES('kacper-alien-szczytowski',33,'',25,0,3110);
INSERT INTO Results VALUES('maciejufo-szczytowski',33,'',20,5,2860);
INSERT INTO Results VALUES('berdysz',33,'',17,5,2015);
INSERT INTO Results VALUES('goboss',33,'',20,0,1945);
INSERT INTO Results VALUES('grzegorz-gregx',33,'',14,5,2770);
INSERT INTO Results VALUES('makras',34,'Ogres',54,5,5620);
INSERT INTO Results VALUES('goboss',34,'Undead',38,0,3270);
INSERT INTO Results VALUES('misio',34,'Trident Realm of Neritica',31,5,4120);
INSERT INTO Results VALUES('grzegorz-gregx',34,'',20,5,2920);
INSERT INTO Results VALUES('myter',34,'Night-stalkers',20,5,2870);
INSERT INTO Results VALUES('lires',34,'',17,5,3910);
CREATE TABLE Series (name TEXT PRIMARY KEY NOT NULL, fullname TEXT, season TEXT, best_of INTEGER);
INSERT INTO Series VALUES('Liga 2022','Liga 2022','2022',6);
INSERT INTO Series VALUES('Liga 2021','Liga 2021','2021',NULL);
INSERT INTO Series VALUES('Krawaty',NULL,NULL,NULL);
INSERT INTO Series VALUES('MP 2020','Mistrzostwa Polski 2020','2020',NULL);
INSERT INTO Series VALUES('MP 2019','Mistrzostwa Polski 2019','2019',NULL);
INSERT INTO Series VALUES('MP 2018','Mistrzostwa Polski 2018','2018',NULL);
DELETE FROM sqlite_sequence;
INSERT INTO sqlite_sequence VALUES('Events',34);
COMMIT;
